<?xml version="1.0" encoding="UTF-8" standalone="no"?>
<Configuration>
  <Components>
    <UniqueComponent dnOrder="0" id="cmsis"/>
    <UniqueComponent dnOrder="1" id="core">
      <Symbols dnOrder="0">
        <KeyValueSet dnOrder="0" id="COMPILER_CHOICE">
          <Values dnOrder="0">
            <Dynamic dnOrder="0" id="core" value="0"/>
          </Values>
        </KeyValueSet>
        <Integer dnOrder="1" id="CONFIG_CLOCK_DFLL_COARSE">
          <Values dnOrder="0">
            <User dnOrder="0" value="0"/>
          </Values>
        </Integer>
        <Boolean dnOrder="2" id="CONFIG_CLOCK_DFLL_ENABLE">
          <Values dnOrder="0">
            <Dynamic dnOrder="0" id="core" value="true"/>
          </Values>
        </Boolean>
        <Integer dnOrder="3" id="CONFIG_CLOCK_DFLL_FINE">
          <Values dnOrder="0">
            <User dnOrder="0" value="20"/>
          </Values>
        </Integer>
        <Integer dnOrder="4" id="CONFIG_CLOCK_DFLL_MUL">
          <Values dnOrder="0">
            <User dnOrder="0" value="1500"/>
          </Values>
        </Integer>
        <KeyValueSet dnOrder="5" id="CONFIG_CLOCK_DFLL_OPMODE">
          <Values dnOrder="0">
            <User dnOrder="0" value="1"/>
          </Values>
        </KeyValueSet>
        <Boolean dnOrder="6" id="CONFIG_CLOCK_DFLL_QUICK_LOCK">
          <Values dnOrder="0">
            <User dnOrder="0" value="true"/>
          </Values>
        </Boolean>
        <Boolean dnOrder="7" id="CONFIG_CLOCK_DFLL_RUNSTDY">
          <Values dnOrder="0">
            <User dnOrder="0" value="true"/>
          </Values>
        </Boolean>
        <Boolean dnOrder="8" id="CONFIG_CLOCK_OSC8M_ENABLE">
          <Values dnOrder="0">
            <Dynamic dnOrder="0" id="core" value="false"/>
            <User dnOrder="1" value="true"/>
          </Values>
        </Boolean>
        <Integer dnOrder="9" id="CPU_CLOCK_FREQUENCY">
          <Values dnOrder="0">
            <Dynamic dnOrder="0" id="core" value="48000000"/>
          </Values>
        </Integer>
        <Menu dnOrder="10" id="CoreIARMenu">
          <Attributes dnOrder="0">
            <Boolean dnOrder="0" id="visible">
              <Value dnOrder="0">false</Value>
            </Boolean>
          </Attributes>
        </Menu>
        <KeyValueSet dnOrder="11" id="DEVICE_BOD33_ACTION">
          <Values dnOrder="0">
            <Dynamic dnOrder="0" id="core" value="1"/>
          </Values>
        </KeyValueSet>
        <KeyValueSet dnOrder="12" id="DEVICE_BOD33_EN">
          <Values dnOrder="0">
            <Dynamic dnOrder="0" id="core" value="1"/>
          </Values>
        </KeyValueSet>
        <KeyValueSet dnOrder="13" id="DEVICE_BOD33_HYST">
          <Values dnOrder="0">
            <Dynamic dnOrder="0" id="core" value="1"/>
          </Values>
        </KeyValueSet>
        <KeyValueSet dnOrder="14" id="DEVICE_SECURITY">
          <Values dnOrder="0">
            <Dynamic dnOrder="0" id="core" value="0"/>
          </Values>
        </KeyValueSet>
        <KeyValueSet dnOrder="15" id="DEVICE_WDT_ALWAYSON">
          <Values dnOrder="0">
            <Dynamic dnOrder="0" id="core" value="0"/>
          </Values>
        </KeyValueSet>
        <KeyValueSet dnOrder="16" id="DEVICE_WDT_ENABLE">
          <Values dnOrder="0">
            <Dynamic dnOrder="0" id="core" value="0"/>
          </Values>
        </KeyValueSet>
        <KeyValueSet dnOrder="17" id="DEVICE_WDT_WEN">
          <Values dnOrder="0">
            <Dynamic dnOrder="0" id="core" value="0"/>
          </Values>
        </KeyValueSet>
        <KeyValueSet dnOrder="18" id="DEVICE_WDT_WINDOW_0">
          <Values dnOrder="0">
            <Dynamic dnOrder="0" id="core" value="1"/>
          </Values>
        </KeyValueSet>
        <Hex dnOrder="19" id="DEVICE_WDT_WINDOW_1">
          <Values dnOrder="0">
            <Dynamic dnOrder="0" id="core" value="4"/>
          </Values>
        </Hex>
        <Integer dnOrder="20" id="DFLL_CLOCK_FREQ">
          <Values dnOrder="0">
            <Dynamic dnOrder="0" id="core" value="48000000"/>
          </Values>
        </Integer>
        <Boolean dnOrder="21" id="EIC_CLOCK_ENABLE">
          <Values dnOrder="0">
            <Dynamic dnOrder="0" id="eic" value="true"/>
          </Values>
        </Boolean>
        <Integer dnOrder="22" id="EIC_CLOCK_FREQUENCY">
          <Values dnOrder="0">
            <Dynamic dnOrder="0" id="core" value="48000000"/>
          </Values>
        </Integer>
        <Boolean dnOrder="23" id="EIC_INTERRUPT_ENABLE">
          <Values dnOrder="0">
            <Dynamic dnOrder="0" id="eic" value="true"/>
          </Values>
        </Boolean>
        <Boolean dnOrder="24" id="EIC_INTERRUPT_ENABLE_UPDATE">
          <Values dnOrder="0">
            <Dynamic dnOrder="0" id="core" value="false"/>
          </Values>
        </Boolean>
        <String dnOrder="25" id="EIC_INTERRUPT_HANDLER">
          <Values dnOrder="0">
            <Dynamic dnOrder="0" id="eic" value="EIC_InterruptHandler"/>
          </Values>
        </String>
        <Boolean dnOrder="26" id="EIC_INTERRUPT_HANDLER_LOCK">
          <Values dnOrder="0">
            <Dynamic dnOrder="0" id="eic" value="true"/>
          </Values>
        </Boolean>
        <Integer dnOrder="27" id="GCLK_0_FREQ">
          <Values dnOrder="0">
            <Dynamic dnOrder="0" id="core" value="48000000"/>
          </Values>
        </Integer>
        <KeyValueSet dnOrder="28" id="GCLK_0_SRC">
          <Values dnOrder="0">
            <Dynamic dnOrder="0" id="core" value="7"/>
          </Values>
        </KeyValueSet>
        <Integer dnOrder="29" id="GCLK_1_DIV">
          <Values dnOrder="0">
            <User dnOrder="0" value="250"/>
          </Values>
        </Integer>
        <Integer dnOrder="30" id="GCLK_1_DIVIDER_VALUE">
          <Values dnOrder="0">
            <Dynamic dnOrder="0" id="core" value="250"/>
          </Values>
        </Integer>
        <Integer dnOrder="31" id="GCLK_1_FREQ">
          <Values dnOrder="0">
            <Dynamic dnOrder="0" id="core" value="32000"/>
          </Values>
        </Integer>
        <KeyValueSet dnOrder="32" id="GCLK_1_SRC">
          <Values dnOrder="0">
            <User dnOrder="0" value="5"/>
          </Values>
        </KeyValueSet>
        <Integer dnOrder="33" id="GCLK_2_FREQ">
          <Values dnOrder="0">
            <Dynamic dnOrder="0" id="core" value="0"/>
          </Values>
        </Integer>
        <Integer dnOrder="34" id="GCLK_3_FREQ">
          <Values dnOrder="0">
            <Dynamic dnOrder="0" id="core" value="0"/>
          </Values>
        </Integer>
        <Integer dnOrder="35" id="GCLK_4_FREQ">
          <Values dnOrder="0">
            <Dynamic dnOrder="0" id="core" value="0"/>
          </Values>
        </Integer>
        <Integer dnOrder="36" id="GCLK_5_FREQ">
          <Values dnOrder="0">
            <Dynamic dnOrder="0" id="core" value="0"/>
          </Values>
        </Integer>
        <Integer dnOrder="37" id="GCLK_6_FREQ">
          <Values dnOrder="0">
            <Dynamic dnOrder="0" id="core" value="0"/>
          </Values>
        </Integer>
        <Integer dnOrder="38" id="GCLK_7_FREQ">
          <Values dnOrder="0">
            <Dynamic dnOrder="0" id="core" value="0"/>
          </Values>
        </Integer>
        <ListEntry dnOrder="39" id="GCLK_CODE">
          <Attributes dnOrder="0">
            <StringArray dnOrder="0" id="values">
              <Values dnOrder="0">
                <Value dnOrder="0">&amp;#160;&amp;#160;&amp;#160;&amp;#160;GCLK1_Initialize();</Value>
                <Value dnOrder="1">&amp;#160;&amp;#160;&amp;#160;&amp;#160;DFLL_Initialize();</Value>
                <Value dnOrder="2">&amp;#160;&amp;#160;&amp;#160;&amp;#160;GCLK0_Initialize();</Value>
              </Values>
            </StringArray>
          </Attributes>
        </ListEntry>
        <Boolean dnOrder="40" id="GCLK_CYCLE_FORMED">
          <Values dnOrder="0">
            <Dynamic dnOrder="0" id="core" value="false"/>
          </Values>
        </Boolean>
        <Boolean dnOrder="41" id="GCLK_ID_0_CHEN">
          <Values dnOrder="0">
            <User dnOrder="0" value="true"/>
          </Values>
        </Boolean>
        <Integer dnOrder="42" id="GCLK_ID_0_FREQ">
          <Values dnOrder="0">
            <Dynamic dnOrder="0" id="core" value="32000"/>
          </Values>
        </Integer>
        <KeyValueSet dnOrder="43" id="GCLK_ID_0_GENSEL">
          <Values dnOrder="0">
            <User dnOrder="0" value="1"/>
          </Values>
        </KeyValueSet>
        <Boolean dnOrder="44" id="GCLK_ID_13_CHEN">
          <Values dnOrder="0">
            <Dynamic dnOrder="0" id="core" value="true"/>
            <User dnOrder="1" value="true"/>
          </Values>
        </Boolean>
        <Integer dnOrder="45" id="GCLK_ID_13_FREQ">
          <Values dnOrder="0">
            <Dynamic dnOrder="0" id="core" value="48000000"/>
          </Values>
        </Integer>
        <Boolean dnOrder="46" id="GCLK_ID_14_CHEN">
          <Values dnOrder="0">
            <Dynamic dnOrder="0" id="core" value="true"/>
            <User dnOrder="1" value="true"/>
          </Values>
        </Boolean>
        <Integer dnOrder="47" id="GCLK_ID_14_FREQ">
          <Values dnOrder="0">
            <Dynamic dnOrder="0" id="core" value="48000000"/>
          </Values>
        </Integer>
        <Boolean dnOrder="48" id="GCLK_ID_16_CHEN">
          <Values dnOrder="0">
            <Dynamic dnOrder="0" id="core" value="false"/>
          </Values>
        </Boolean>
        <Integer dnOrder="49" id="GCLK_ID_16_FREQ">
          <Values dnOrder="0">
            <Dynamic dnOrder="0" id="core" value="0"/>
          </Values>
        </Integer>
        <Boolean dnOrder="50" id="GCLK_ID_19_CHEN">
          <Values dnOrder="0">
            <Dynamic dnOrder="0" id="core" value="true"/>
            <User dnOrder="1" value="true"/>
          </Values>
        </Boolean>
        <Integer dnOrder="51" id="GCLK_ID_19_FREQ">
          <Values dnOrder="0">
            <Dynamic dnOrder="0" id="core" value="48000000"/>
          </Values>
        </Integer>
        <Boolean dnOrder="52" id="GCLK_ID_3_CHEN">
          <Values dnOrder="0">
            <Dynamic dnOrder="0" id="core" value="true"/>
            <User dnOrder="1" value="true"/>
          </Values>
        </Boolean>
        <Integer dnOrder="53" id="GCLK_ID_3_FREQ">
          <Values dnOrder="0">
            <Dynamic dnOrder="0" id="core" value="48000000"/>
          </Values>
        </Integer>
        <Boolean dnOrder="54" id="GCLK_INST_NUM1">
          <Values dnOrder="0">
            <User dnOrder="0" value="true"/>
          </Values>
        </Boolean>
        <Integer dnOrder="55" id="GCLK_IO_0_FREQ">
          <Values dnOrder="0">
            <Dynamic dnOrder="0" id="core" value="0"/>
          </Values>
        </Integer>
        <Integer dnOrder="56" id="GCLK_IO_1_FREQ">
          <Values dnOrder="0">
            <Dynamic dnOrder="0" id="core" value="0"/>
          </Values>
        </Integer>
        <Integer dnOrder="57" id="GCLK_IO_2_FREQ">
          <Values dnOrder="0">
            <Dynamic dnOrder="0" id="core" value="0"/>
          </Values>
        </Integer>
        <Integer dnOrder="58" id="GCLK_IO_3_FREQ">
          <Values dnOrder="0">
            <Dynamic dnOrder="0" id="core" value="0"/>
          </Values>
        </Integer>
        <Integer dnOrder="59" id="GCLK_IO_4_FREQ">
          <Values dnOrder="0">
            <Dynamic dnOrder="0" id="core" value="0"/>
          </Values>
        </Integer>
        <Integer dnOrder="60" id="GCLK_IO_5_FREQ">
          <Values dnOrder="0">
            <Dynamic dnOrder="0" id="core" value="0"/>
          </Values>
        </Integer>
        <Integer dnOrder="61" id="GCLK_IO_6_FREQ">
          <Values dnOrder="0">
            <Dynamic dnOrder="0" id="core" value="0"/>
          </Values>
        </Integer>
        <Integer dnOrder="62" id="GCLK_IO_7_FREQ">
          <Values dnOrder="0">
            <Dynamic dnOrder="0" id="core" value="0"/>
          </Values>
        </Integer>
        <Boolean dnOrder="63" id="NVIC_10_0_ENABLE">
          <Values dnOrder="0">
            <Dynamic dnOrder="0" id="core" value="false"/>
          </Values>
        </Boolean>
        <String dnOrder="64" id="NVIC_10_0_HANDLER">
          <Values dnOrder="0">
            <Dynamic dnOrder="0" id="core" value="SERCOM3_Handler"/>
          </Values>
        </String>
        <Boolean dnOrder="65" id="NVIC_10_0_HANDLER_LOCK">
          <Values dnOrder="0">
            <Dynamic dnOrder="0" id="core" value="false"/>
          </Values>
        </Boolean>
        <Boolean dnOrder="66" id="NVIC_13_0_ENABLE">
          <Values dnOrder="0">
            <Dynamic dnOrder="0" id="core" value="true"/>
          </Values>
        </Boolean>
        <String dnOrder="67" id="NVIC_13_0_HANDLER">
          <Values dnOrder="0">
            <Dynamic dnOrder="0" id="core" value="TC0_TimerInterruptHandler"/>
          </Values>
        </String>
        <Boolean dnOrder="68" id="NVIC_13_0_HANDLER_LOCK">
          <Values dnOrder="0">
            <Dynamic dnOrder="0" id="core" value="true"/>
          </Values>
        </Boolean>
        <Boolean dnOrder="69" id="NVIC_4_0_ENABLE">
          <Values dnOrder="0">
            <Dynamic dnOrder="0" id="core" value="true"/>
          </Values>
        </Boolean>
        <String dnOrder="70" id="NVIC_4_0_HANDLER">
          <Values dnOrder="0">
            <Dynamic dnOrder="0" id="core" value="EIC_InterruptHandler"/>
          </Values>
        </String>
        <Boolean dnOrder="71" id="NVIC_4_0_HANDLER_LOCK">
          <Values dnOrder="0">
            <Dynamic dnOrder="0" id="core" value="true"/>
          </Values>
        </Boolean>
        <Boolean dnOrder="72" id="NVIC_7_0_ENABLE">
          <Values dnOrder="0">
            <Dynamic dnOrder="0" id="core" value="true"/>
          </Values>
        </Boolean>
        <String dnOrder="73" id="NVIC_7_0_HANDLER">
          <Values dnOrder="0">
            <Dynamic dnOrder="0" id="core" value="SERCOM0_SPI_InterruptHandler"/>
          </Values>
        </String>
        <Boolean dnOrder="74" id="NVIC_7_0_HANDLER_LOCK">
          <Values dnOrder="0">
            <Dynamic dnOrder="0" id="core" value="true"/>
          </Values>
        </Boolean>
        <Boolean dnOrder="75" id="NVIC_8_0_ENABLE">
          <Values dnOrder="0">
            <Dynamic dnOrder="0" id="core" value="false"/>
          </Values>
        </Boolean>
        <String dnOrder="76" id="NVIC_8_0_HANDLER">
          <Values dnOrder="0">
            <Dynamic dnOrder="0" id="core" value="SERCOM1_Handler"/>
          </Values>
        </String>
        <Boolean dnOrder="77" id="NVIC_8_0_HANDLER_LOCK">
          <Values dnOrder="0">
            <Dynamic dnOrder="0" id="core" value="false"/>
          </Values>
        </Boolean>
        <Integer dnOrder="78" id="OSC8M_CLOCK_FREQ">
          <Values dnOrder="0">
            <Dynamic dnOrder="0" id="core" value="8000000"/>
          </Values>
        </Integer>
        <String dnOrder="79" id="PIN_11_DIR">
          <Values dnOrder="0">
            <User dnOrder="0" value=""/>
          </Values>
        </String>
        <String dnOrder="80" id="PIN_11_FUNCTION_NAME">
          <Values dnOrder="0">
            <User dnOrder="0" value="SPI_MISO"/>
          </Values>
        </String>
        <String dnOrder="81" id="PIN_11_FUNCTION_TYPE">
          <Values dnOrder="0">
            <User dnOrder="0" value="SERCOM0_PAD0"/>
          </Values>
        </String>
        <String dnOrder="82" id="PIN_11_INEN">
          <Values dnOrder="0">
            <User dnOrder="0" value="True"/>
          </Values>
        </String>
        <String dnOrder="83" id="PIN_11_LAT">
          <Values dnOrder="0">
            <User dnOrder="0" value=""/>
          </Values>
        </String>
        <String dnOrder="84" id="PIN_11_MODE">
          <Values dnOrder="0">
            <User dnOrder="0" value=""/>
          </Values>
        </String>
        <String dnOrder="85" id="PIN_11_PERIPHERAL_FUNCTION">
          <Values dnOrder="0">
            <User dnOrder="0" value="C"/>
          </Values>
        </String>
        <String dnOrder="86" id="PIN_11_PULLEN">
          <Values dnOrder="0">
            <User dnOrder="0" value=""/>
          </Values>
        </String>
        <String dnOrder="87" id="PIN_12_DIR">
          <Values dnOrder="0">
            <User dnOrder="0" value="Out"/>
          </Values>
        </String>
        <String dnOrder="88" id="PIN_12_FUNCTION_NAME">
          <Values dnOrder="0">
            <User dnOrder="0" value="SPI_CLK"/>
          </Values>
        </String>
        <String dnOrder="89" id="PIN_12_FUNCTION_TYPE">
          <Values dnOrder="0">
            <User dnOrder="0" value="SERCOM0_PAD1"/>
          </Values>
        </String>
        <String dnOrder="90" id="PIN_12_INEN">
          <Values dnOrder="0">
            <User dnOrder="0" value=""/>
          </Values>
        </String>
        <String dnOrder="91" id="PIN_12_LAT">
          <Values dnOrder="0">
            <User dnOrder="0" value="High"/>
          </Values>
        </String>
        <String dnOrder="92" id="PIN_12_MODE">
          <Values dnOrder="0">
            <User dnOrder="0" value=""/>
          </Values>
        </String>
        <String dnOrder="93" id="PIN_12_PERIPHERAL_FUNCTION">
          <Values dnOrder="0">
            <User dnOrder="0" value="C"/>
          </Values>
        </String>
        <String dnOrder="94" id="PIN_13_DIR">
          <Values dnOrder="0">
            <User dnOrder="0" value=""/>
          </Values>
        </String>
        <String dnOrder="95" id="PIN_13_FUNCTION_NAME">
          <Values dnOrder="0">
            <User dnOrder="0" value="SPI_SS_0"/>
          </Values>
        </String>
        <String dnOrder="96" id="PIN_13_FUNCTION_TYPE">
          <Values dnOrder="0">
            <User dnOrder="0" value="GPIO"/>
          </Values>
        </String>
        <String dnOrder="97" id="PIN_13_INEN">
          <Values dnOrder="0">
            <User dnOrder="0" value=""/>
          </Values>
        </String>
        <String dnOrder="98" id="PIN_13_LAT">
          <Values dnOrder="0">
            <User dnOrder="0" value="High"/>
          </Values>
        </String>
        <String dnOrder="99" id="PIN_13_MODE">
          <Values dnOrder="0">
            <User dnOrder="0" value=""/>
          </Values>
        </String>
        <String dnOrder="100" id="PIN_13_PERIPHERAL_FUNCTION">
          <Values dnOrder="0">
            <User dnOrder="0" value="GPIO"/>
          </Values>
        </String>
        <String dnOrder="101" id="PIN_13_PULLEN">
          <Values dnOrder="0">
            <User dnOrder="0" value=""/>
          </Values>
        </String>
        <String dnOrder="102" id="PIN_14_DIR">
          <Values dnOrder="0">
            <User dnOrder="0" value="Out"/>
          </Values>
        </String>
        <String dnOrder="103" id="PIN_14_FUNCTION_NAME">
          <Values dnOrder="0">
            <User dnOrder="0" value="SPI_MOSI"/>
          </Values>
        </String>
        <String dnOrder="104" id="PIN_14_FUNCTION_TYPE">
          <Values dnOrder="0">
            <User dnOrder="0" value="SERCOM0_PAD3"/>
          </Values>
        </String>
        <String dnOrder="105" id="PIN_14_INEN">
          <Values dnOrder="0">
            <User dnOrder="0" value=""/>
          </Values>
        </String>
        <String dnOrder="106" id="PIN_14_LAT">
          <Values dnOrder="0">
            <User dnOrder="0" value="High"/>
          </Values>
        </String>
        <String dnOrder="107" id="PIN_14_MODE">
          <Values dnOrder="0">
            <User dnOrder="0" value=""/>
          </Values>
        </String>
        <String dnOrder="108" id="PIN_14_PERIPHERAL_FUNCTION">
          <Values dnOrder="0">
            <User dnOrder="0" value="C"/>
          </Values>
        </String>
        <String dnOrder="109" id="PIN_15_DIR">
          <Values dnOrder="0">
            <User dnOrder="0" value=""/>
          </Values>
        </String>
        <String dnOrder="110" id="PIN_15_FUNCTION_NAME">
          <Values dnOrder="0">
            <User dnOrder="0" value="UPD_IRQ_0"/>
          </Values>
        </String>
        <String dnOrder="111" id="PIN_15_FUNCTION_TYPE">
          <Values dnOrder="0">
            <User dnOrder="0" value="EIC_EXTINT14"/>
          </Values>
        </String>
        <String dnOrder="112" id="PIN_15_INEN">
          <Values dnOrder="0">
            <User dnOrder="0" value="True"/>
          </Values>
        </String>
        <String dnOrder="113" id="PIN_15_LAT">
          <Values dnOrder="0">
            <User dnOrder="0" value="High"/>
          </Values>
        </String>
        <String dnOrder="114" id="PIN_15_MODE">
          <Values dnOrder="0">
            <User dnOrder="0" value=""/>
          </Values>
        </String>
        <String dnOrder="115" id="PIN_15_PERIPHERAL_FUNCTION">
          <Values dnOrder="0">
            <User dnOrder="0" value="A"/>
          </Values>
        </String>
        <String dnOrder="116" id="PIN_15_PULLEN">
          <Values dnOrder="0">
            <User dnOrder="0" value="True"/>
          </Values>
        </String>
        <String dnOrder="117" id="PIN_16_DIR">
          <Values dnOrder="0">
            <User dnOrder="0" value=""/>
          </Values>
        </String>
        <String dnOrder="118" id="PIN_16_FUNCTION_NAME">
          <Values dnOrder="0">
            <User dnOrder="0" value="UPD_IRQ_1"/>
          </Values>
        </String>
        <String dnOrder="119" id="PIN_16_FUNCTION_TYPE">
          <Values dnOrder="0">
            <User dnOrder="0" value="EIC_EXTINT15"/>
          </Values>
        </String>
        <String dnOrder="120" id="PIN_16_INEN">
          <Values dnOrder="0">
            <User dnOrder="0" value="True"/>
          </Values>
        </String>
        <String dnOrder="121" id="PIN_16_LAT">
          <Values dnOrder="0">
            <User dnOrder="0" value="High"/>
          </Values>
        </String>
        <String dnOrder="122" id="PIN_16_MODE">
          <Values dnOrder="0">
            <User dnOrder="0" value=""/>
          </Values>
        </String>
        <String dnOrder="123" id="PIN_16_PERIPHERAL_FUNCTION">
          <Values dnOrder="0">
            <User dnOrder="0" value="A"/>
          </Values>
        </String>
        <String dnOrder="124" id="PIN_16_PULLEN">
          <Values dnOrder="0">
            <User dnOrder="0" value="True"/>
          </Values>
        </String>
        <String dnOrder="125" id="PIN_19_FUNCTION_NAME">
          <Values dnOrder="0">
            <User dnOrder="0" value="DEBUG_UART_TX"/>
          </Values>
        </String>
        <String dnOrder="126" id="PIN_19_FUNCTION_TYPE">
          <Values dnOrder="0">
            <User dnOrder="0" value="SERCOM1_PAD2"/>
          </Values>
        </String>
        <String dnOrder="127" id="PIN_19_MODE">
          <Values dnOrder="0">
            <User dnOrder="0" value=""/>
          </Values>
        </String>
        <String dnOrder="128" id="PIN_19_PERIPHERAL_FUNCTION">
          <Values dnOrder="0">
            <User dnOrder="0" value="C"/>
          </Values>
        </String>
        <String dnOrder="129" id="PIN_1_DIR">
          <Values dnOrder="0">
            <User dnOrder="0" value=""/>
          </Values>
        </String>
        <String dnOrder="130" id="PIN_1_FUNCTION_NAME">
          <Values dnOrder="0">
            <User dnOrder="0" value="UPD350_RESET"/>
          </Values>
        </String>
        <String dnOrder="131" id="PIN_1_FUNCTION_TYPE">
          <Values dnOrder="0">
            <User dnOrder="0" value="GPIO"/>
          </Values>
        </String>
        <String dnOrder="132" id="PIN_1_INEN">
          <Values dnOrder="0">
            <User dnOrder="0" value="True"/>
          </Values>
        </String>
        <String dnOrder="133" id="PIN_1_LAT">
          <Values dnOrder="0">
            <User dnOrder="0" value="High"/>
          </Values>
        </String>
        <String dnOrder="134" id="PIN_1_MODE">
          <Values dnOrder="0">
            <User dnOrder="0" value=""/>
          </Values>
        </String>
        <String dnOrder="135" id="PIN_1_PERIPHERAL_FUNCTION">
          <Values dnOrder="0">
            <User dnOrder="0" value="GPIO"/>
          </Values>
        </String>
        <String dnOrder="136" id="PIN_1_PULLEN">
          <Values dnOrder="0">
            <User dnOrder="0" value="True"/>
          </Values>
        </String>
        <String dnOrder="137" id="PIN_27_PERIPHERAL_FUNCTION">
          <Values dnOrder="0">
            <User dnOrder="0" value=""/>
          </Values>
        </String>
        <String dnOrder="138" id="PIN_2_DIR">
          <Values dnOrder="0">
            <User dnOrder="0" value=""/>
          </Values>
        </String>
        <String dnOrder="139" id="PIN_2_FUNCTION_NAME">
          <Values dnOrder="0">
            <User dnOrder="0" value="SPI_SS_1"/>
          </Values>
        </String>
        <String dnOrder="140" id="PIN_2_FUNCTION_TYPE">
          <Values dnOrder="0">
            <User dnOrder="0" value="GPIO"/>
          </Values>
        </String>
        <String dnOrder="141" id="PIN_2_INEN">
          <Values dnOrder="0">
            <User dnOrder="0" value=""/>
          </Values>
        </String>
        <String dnOrder="142" id="PIN_2_LAT">
          <Values dnOrder="0">
            <User dnOrder="0" value="High"/>
          </Values>
        </String>
        <String dnOrder="143" id="PIN_2_MODE">
          <Values dnOrder="0">
            <User dnOrder="0" value=""/>
          </Values>
        </String>
        <String dnOrder="144" id="PIN_2_PERIPHERAL_FUNCTION">
          <Values dnOrder="0">
            <User dnOrder="0" value="GPIO"/>
          </Values>
        </String>
        <String dnOrder="145" id="PIN_2_PULLEN">
          <Values dnOrder="0">
            <User dnOrder="0" value=""/>
          </Values>
        </String>
        <String dnOrder="146" id="PIN_5_PERIPHERAL_FUNCTION">
          <Values dnOrder="0">
            <User dnOrder="0" value=""/>
          </Values>
        </String>
        <String dnOrder="147" id="PM_APBA_INITIAL_VALUE">
          <Values dnOrder="0">
            <Dynamic dnOrder="0" id="core" value="0x7f"/>
          </Values>
        </String>
        <String dnOrder="148" id="PM_APBC_INITIAL_VALUE">
          <Values dnOrder="0">
            <Dynamic dnOrder="0" id="core" value="0x1010c"/>
          </Values>
        </String>
        <Boolean dnOrder="149" id="PORT_GROUP_0">
          <Values dnOrder="0">
            <Dynamic dnOrder="0" id="core" value="true"/>
          </Values>
        </Boolean>
        <String dnOrder="150" id="PORT_GROUP_0_DIR">
          <Values dnOrder="0">
            <Dynamic dnOrder="0" id="core" value="0xa00"/>
          </Values>
        </String>
        <String dnOrder="151" id="PORT_GROUP_0_OUT">
          <Values dnOrder="0">
            <Dynamic dnOrder="0" id="core" value="0xce03"/>
          </Values>
        </String>
        <String dnOrder="152" id="PORT_GROUP_0_PAD_0">
          <Values dnOrder="0">
            <Dynamic dnOrder="0" id="core" value="PA00"/>
          </Values>
        </String>
        <String dnOrder="153" id="PORT_GROUP_0_PAD_1">
          <Values dnOrder="0">
            <Dynamic dnOrder="0" id="core" value="PA01"/>
          </Values>
        </String>
        <String dnOrder="154" id="PORT_GROUP_0_PAD_10">
          <Values dnOrder="0">
            <Dynamic dnOrder="0" id="core" value="PA10"/>
          </Values>
        </String>
        <String dnOrder="155" id="PORT_GROUP_0_PAD_11">
          <Values dnOrder="0">
            <Dynamic dnOrder="0" id="core" value="PA11"/>
          </Values>
        </String>
        <String dnOrder="156" id="PORT_GROUP_0_PAD_14">
          <Values dnOrder="0">
            <Dynamic dnOrder="0" id="core" value="PA14"/>
          </Values>
        </String>
        <String dnOrder="157" id="PORT_GROUP_0_PAD_15">
          <Values dnOrder="0">
            <Dynamic dnOrder="0" id="core" value="PA15"/>
          </Values>
        </String>
        <String dnOrder="158" id="PORT_GROUP_0_PAD_18">
          <Values dnOrder="0">
            <Dynamic dnOrder="0" id="core" value="PA18"/>
          </Values>
        </String>
        <String dnOrder="159" id="PORT_GROUP_0_PAD_28">
          <Values dnOrder="0">
            <Dynamic dnOrder="0" id="core" value="PA28"/>
          </Values>
        </String>
        <String dnOrder="160" id="PORT_GROUP_0_PAD_4">
          <Values dnOrder="0">
            <Dynamic dnOrder="0" id="core" value="PA04"/>
          </Values>
        </String>
        <String dnOrder="161" id="PORT_GROUP_0_PAD_8">
          <Values dnOrder="0">
            <Dynamic dnOrder="0" id="core" value="PA08"/>
          </Values>
        </String>
        <String dnOrder="162" id="PORT_GROUP_0_PAD_9">
          <Values dnOrder="0">
            <Dynamic dnOrder="0" id="core" value="PA09"/>
          </Values>
        </String>
        <String dnOrder="163" id="PORT_GROUP_0_PINCFG0">
          <Values dnOrder="0">
            <Dynamic dnOrder="0" id="core" value="0x6"/>
          </Values>
        </String>
        <String dnOrder="164" id="PORT_GROUP_0_PINCFG1">
          <Values dnOrder="0">
            <Dynamic dnOrder="0" id="core" value="0x0"/>
          </Values>
        </String>
        <String dnOrder="165" id="PORT_GROUP_0_PINCFG10">
          <Values dnOrder="0">
            <Dynamic dnOrder="0" id="core" value="0x0"/>
          </Values>
        </String>
        <String dnOrder="166" id="PORT_GROUP_0_PINCFG11">
          <Values dnOrder="0">
            <Dynamic dnOrder="0" id="core" value="0x1"/>
          </Values>
        </String>
        <String dnOrder="167" id="PORT_GROUP_0_PINCFG14">
          <Values dnOrder="0">
            <Dynamic dnOrder="0" id="core" value="0x7"/>
          </Values>
        </String>
        <String dnOrder="168" id="PORT_GROUP_0_PINCFG15">
          <Values dnOrder="0">
            <Dynamic dnOrder="0" id="core" value="0x7"/>
          </Values>
        </String>
        <String dnOrder="169" id="PORT_GROUP_0_PINCFG18">
          <Values dnOrder="0">
            <Dynamic dnOrder="0" id="core" value="0x1"/>
          </Values>
        </String>
        <String dnOrder="170" id="PORT_GROUP_0_PINCFG28">
          <Values dnOrder="0">
            <Dynamic dnOrder="0" id="core" value="0x0"/>
          </Values>
        </String>
        <String dnOrder="171" id="PORT_GROUP_0_PINCFG4">
          <Values dnOrder="0">
            <Dynamic dnOrder="0" id="core" value="0x0"/>
          </Values>
        </String>
        <String dnOrder="172" id="PORT_GROUP_0_PINCFG8">
          <Values dnOrder="0">
            <Dynamic dnOrder="0" id="core" value="0x3"/>
          </Values>
        </String>
        <String dnOrder="173" id="PORT_GROUP_0_PINCFG9">
          <Values dnOrder="0">
            <Dynamic dnOrder="0" id="core" value="0x1"/>
          </Values>
        </String>
        <String dnOrder="174" id="PORT_GROUP_0_PMUX0">
          <Values dnOrder="0">
            <Dynamic dnOrder="0" id="core" value="0x0"/>
          </Values>
        </String>
        <String dnOrder="175" id="PORT_GROUP_0_PMUX14">
          <Values dnOrder="0">
            <Dynamic dnOrder="0" id="core" value="0x0"/>
          </Values>
        </String>
        <String dnOrder="176" id="PORT_GROUP_0_PMUX2">
          <Values dnOrder="0">
            <Dynamic dnOrder="0" id="core" value="0x0"/>
          </Values>
        </String>
        <String dnOrder="177" id="PORT_GROUP_0_PMUX4">
          <Values dnOrder="0">
            <Dynamic dnOrder="0" id="core" value="0x22"/>
          </Values>
        </String>
        <String dnOrder="178" id="PORT_GROUP_0_PMUX5">
          <Values dnOrder="0">
            <Dynamic dnOrder="0" id="core" value="0x20"/>
          </Values>
        </String>
        <String dnOrder="179" id="PORT_GROUP_0_PMUX7">
          <Values dnOrder="0">
            <Dynamic dnOrder="0" id="core" value="0x0"/>
          </Values>
        </String>
        <String dnOrder="180" id="PORT_GROUP_0_PMUX9">
          <Values dnOrder="0">
            <Dynamic dnOrder="0" id="core" value="0x2"/>
          </Values>
        </String>
        <Boolean dnOrder="181" id="SERCOM0_CORE_CLOCK_ENABLE">
          <Values dnOrder="0">
            <Dynamic dnOrder="0" id="sercom0" value="true"/>
          </Values>
        </Boolean>
        <Integer dnOrder="182" id="SERCOM0_CORE_CLOCK_FREQUENCY">
          <Values dnOrder="0">
            <Dynamic dnOrder="0" id="core" value="48000000"/>
          </Values>
        </Integer>
        <Boolean dnOrder="183" id="SERCOM0_INTERRUPT_ENABLE">
          <Values dnOrder="0">
            <Dynamic dnOrder="0" id="sercom0" value="true"/>
          </Values>
        </Boolean>
        <Boolean dnOrder="184" id="SERCOM0_INTERRUPT_ENABLE_UPDATE">
          <Values dnOrder="0">
            <Dynamic dnOrder="0" id="core" value="false"/>
          </Values>
        </Boolean>
        <String dnOrder="185" id="SERCOM0_INTERRUPT_HANDLER">
          <Values dnOrder="0">
            <Dynamic dnOrder="0" id="sercom0" value="SERCOM0_SPI_InterruptHandler"/>
          </Values>
        </String>
        <Boolean dnOrder="186" id="SERCOM0_INTERRUPT_HANDLER_LOCK">
          <Values dnOrder="0">
            <Dynamic dnOrder="0" id="sercom0" value="true"/>
          </Values>
        </Boolean>
        <Boolean dnOrder="187" id="SERCOM1_CORE_CLOCK_ENABLE">
          <Values dnOrder="0">
            <Dynamic dnOrder="0" id="sercom1" value="true"/>
          </Values>
        </Boolean>
        <Integer dnOrder="188" id="SERCOM1_CORE_CLOCK_FREQUENCY">
          <Values dnOrder="0">
            <Dynamic dnOrder="0" id="core" value="48000000"/>
          </Values>
        </Integer>
        <Boolean dnOrder="189" id="SERCOM1_INTERRUPT_ENABLE">
          <Values dnOrder="0">
            <Dynamic dnOrder="0" id="sercom1" value="false"/>
          </Values>
        </Boolean>
        <Boolean dnOrder="190" id="SERCOM1_INTERRUPT_ENABLE_UPDATE">
          <Values dnOrder="0">
            <Dynamic dnOrder="0" id="core" value="true"/>
          </Values>
        </Boolean>
        <String dnOrder="191" id="SERCOM1_INTERRUPT_HANDLER">
          <Values dnOrder="0">
            <Dynamic dnOrder="0" id="sercom1" value="SERCOM1_Handler"/>
          </Values>
        </String>
        <Boolean dnOrder="192" id="SERCOM1_INTERRUPT_HANDLER_LOCK">
          <Values dnOrder="0">
            <Dynamic dnOrder="0" id="sercom1" value="false"/>
          </Values>
        </Boolean>
        <Integer dnOrder="193" id="SERCOM3_CORE_CLOCK_FREQUENCY">
          <Values dnOrder="0">
            <Dynamic dnOrder="0" id="core" value="0"/>
          </Values>
        </Integer>
        <Boolean dnOrder="194" id="SERCOM3_INTERRUPT_ENABLE_UPDATE">
          <Values dnOrder="0">
            <Dynamic dnOrder="0" id="core" value="true"/>
          </Values>
        </Boolean>
        <String dnOrder="195" id="SYSTICK_PERIOD">
          <Values dnOrder="0">
            <Dynamic dnOrder="0" id="core" value="0xbb80"/>
          </Values>
        </String>
        <Float dnOrder="196" id="SYSTICK_PERIOD_MS">
          <Attributes dnOrder="0">
            <Float dnOrder="0" id="max">
              <Value dnOrder="0">349.5253</Value>
            </Float>
          </Attributes>
        </Float>
        <Integer dnOrder="197" id="SYSTICK_PERIOD_US">
          <Values dnOrder="0">
            <Dynamic dnOrder="0" id="core" value="1000"/>
          </Values>
        </Integer>
        <Boolean dnOrder="198" id="TC0_CLOCK_ENABLE">
          <Values dnOrder="0">
            <Dynamic dnOrder="0" id="tc0" value="true"/>
          </Values>
        </Boolean>
        <Integer dnOrder="199" id="TC0_CLOCK_FREQUENCY">
          <Values dnOrder="0">
            <Dynamic dnOrder="0" id="core" value="48000000"/>
          </Values>
        </Integer>
        <Boolean dnOrder="200" id="TC0_INTERRUPT_ENABLE">
          <Values dnOrder="0">
            <Dynamic dnOrder="0" id="tc0" value="true"/>
          </Values>
        </Boolean>
        <Boolean dnOrder="201" id="TC0_INTERRUPT_ENABLE_UPDATE">
          <Values dnOrder="0">
            <Dynamic dnOrder="0" id="core" value="false"/>
          </Values>
        </Boolean>
        <String dnOrder="202" id="TC0_INTERRUPT_HANDLER">
          <Values dnOrder="0">
            <Dynamic dnOrder="0" id="tc0" value="TC0_TimerInterruptHandler"/>
          </Values>
        </String>
        <Boolean dnOrder="203" id="TC0_INTERRUPT_HANDLER_LOCK">
          <Values dnOrder="0">
            <Dynamic dnOrder="0" id="tc0" value="true"/>
          </Values>
        </Boolean>
      </Symbols>
    </UniqueComponent>
    <UniqueComponent dnOrder="2" id="dfp"/>
    <UniqueComponent dnOrder="3" id="eic">
      <Symbols dnOrder="0">
        <Boolean dnOrder="0" id="EIC_CHAN_14">
          <Values dnOrder="0">
            <User dnOrder="0" value="true"/>
          </Values>
        </Boolean>
        <Boolean dnOrder="1" id="EIC_CHAN_15">
          <Values dnOrder="0">
            <User dnOrder="0" value="true"/>
          </Values>
        </Boolean>
        <Boolean dnOrder="2" id="EIC_CONFIG_FILTEN_14">
          <Attributes dnOrder="0">
            <Boolean dnOrder="0" id="visible">
              <Value dnOrder="0">true</Value>
            </Boolean>
          </Attributes>
          <Values dnOrder="1">
            <User dnOrder="0" value="true"/>
          </Values>
        </Boolean>
        <Boolean dnOrder="3" id="EIC_CONFIG_FILTEN_15">
          <Attributes dnOrder="0">
            <Boolean dnOrder="0" id="visible">
              <Value dnOrder="0">true</Value>
            </Boolean>
          </Attributes>
          <Values dnOrder="1">
            <User dnOrder="0" value="true"/>
          </Values>
        </Boolean>
        <KeyValueSet dnOrder="4" id="EIC_CONFIG_SENSE_14">
          <Values dnOrder="0">
            <User dnOrder="0" value="5"/>
          </Values>
        </KeyValueSet>
        <KeyValueSet dnOrder="5" id="EIC_CONFIG_SENSE_15">
          <Values dnOrder="0">
            <User dnOrder="0" value="5"/>
          </Values>
        </KeyValueSet>
        <Hex dnOrder="6" id="EIC_EXTINTEO">
          <Values dnOrder="0">
            <Dynamic dnOrder="0" id="eic" value="0"/>
          </Values>
        </Hex>
        <Boolean dnOrder="7" id="EIC_EXTINTEO_14">
          <Values dnOrder="0">
            <User dnOrder="0" value="false"/>
          </Values>
        </Boolean>
        <Boolean dnOrder="8" id="EIC_EXTINTEO_15">
          <Values dnOrder="0">
            <User dnOrder="0" value="false"/>
          </Values>
        </Boolean>
        <Hex dnOrder="9" id="EIC_INT">
          <Values dnOrder="0">
            <Dynamic dnOrder="0" id="eic" value="49152"/>
          </Values>
        </Hex>
        <Boolean dnOrder="10" id="EIC_INT_14">
          <Values dnOrder="0">
            <User dnOrder="0" value="true"/>
          </Values>
        </Boolean>
        <Boolean dnOrder="11" id="EIC_INT_15">
          <Values dnOrder="0">
            <User dnOrder="0" value="true"/>
          </Values>
        </Boolean>
        <Menu dnOrder="12" id="EIC_MENU14">
          <Attributes dnOrder="0">
            <Boolean dnOrder="0" id="visible">
              <Value dnOrder="0">true</Value>
            </Boolean>
          </Attributes>
        </Menu>
        <Menu dnOrder="13" id="EIC_MENU15">
          <Attributes dnOrder="0">
            <Boolean dnOrder="0" id="visible">
              <Value dnOrder="0">true</Value>
            </Boolean>
          </Attributes>
        </Menu>
        <Hex dnOrder="14" id="EIC_WAKEUP">
          <Values dnOrder="0">
            <Dynamic dnOrder="0" id="eic" value="49152"/>
          </Values>
        </Hex>
        <Boolean dnOrder="15" id="EIC_WAKEUP_14">
          <Values dnOrder="0">
            <User dnOrder="0" value="true"/>
          </Values>
        </Boolean>
        <Boolean dnOrder="16" id="EIC_WAKEUP_15">
          <Values dnOrder="0">
            <User dnOrder="0" value="true"/>
          </Values>
        </Boolean>
      </Symbols>
    </UniqueComponent>
    <UniqueComponent dnOrder="4" id="nvmctrl">
      <Symbols dnOrder="0">
        <Integer dnOrder="0" id="NVM_RWS">
          <Values dnOrder="0">
            <Dynamic dnOrder="0" id="nvmctrl" value="1"/>
          </Values>
        </Integer>
      </Symbols>
    </UniqueComponent>
    <UniqueComponent dnOrder="5" id="sercom0">
      <Symbols dnOrder="0">
        <Integer dnOrder="0" id="I2CM_BAUD">
          <Values dnOrder="0">
            <Dynamic dnOrder="0" id="sercom0" value="59880"/>
          </Values>
        </Integer>
        <String dnOrder="1" id="RECEIVE_DATA_REGISTER">
          <Values dnOrder="0">
            <Dynamic dnOrder="0" id="sercom0" value="&amp;(SERCOM0_REGS-&gt;SPIM.SERCOM_DATA)"/>
          </Values>
        </String>
        <KeyValueSet dnOrder="2" id="SERCOM_MODE">
          <Values dnOrder="0">
            <User dnOrder="0" value="1"/>
          </Values>
        </KeyValueSet>
        <File dnOrder="3" id="SERCOM_SPIM_COMMON_HEADER">
          <Attributes dnOrder="0">
            <Boolean dnOrder="0" id="enabled">
              <Value dnOrder="0">true</Value>
            </Boolean>
          </Attributes>
        </File>
        <File dnOrder="4" id="SERCOM_SPIM_HEADER">
          <Attributes dnOrder="0">
            <Boolean dnOrder="0" id="enabled">
              <Value dnOrder="0">true</Value>
            </Boolean>
          </Attributes>
        </File>
        <File dnOrder="5" id="SERCOM_SPIM_SOURCE">
          <Attributes dnOrder="0">
            <Boolean dnOrder="0" id="enabled">
              <Value dnOrder="0">true</Value>
            </Boolean>
          </Attributes>
        </File>
        <File dnOrder="6" id="SERCOM_USART_COMMON_HEADER">
          <Attributes dnOrder="0">
            <Boolean dnOrder="0" id="enabled">
              <Value dnOrder="0">false</Value>
            </Boolean>
          </Attributes>
        </File>
        <File dnOrder="7" id="SERCOM_USART_HEADER">
          <Attributes dnOrder="0">
            <Boolean dnOrder="0" id="enabled">
              <Value dnOrder="0">false</Value>
            </Boolean>
          </Attributes>
        </File>
        <File dnOrder="8" id="SERCOM_USART_SOURCE">
          <Attributes dnOrder="0">
            <Boolean dnOrder="0" id="enabled">
              <Value dnOrder="0">false</Value>
            </Boolean>
          </Attributes>
        </File>
        <Integer dnOrder="9" id="SPI_BAUD_RATE">
          <Attributes dnOrder="0">
            <Boolean dnOrder="0" id="visible">
              <Value dnOrder="0">true</Value>
            </Boolean>
          </Attributes>
          <Values dnOrder="1">
            <User dnOrder="0" value="8000000"/>
          </Values>
        </Integer>
        <Integer dnOrder="10" id="SPI_BAUD_REG_VALUE">
          <Values dnOrder="0">
            <Dynamic dnOrder="0" id="sercom0" value="2"/>
          </Values>
        </Integer>
        <KeyValueSet dnOrder="11" id="SPI_CHARSIZE_BITS">
          <Attributes dnOrder="0">
            <Boolean dnOrder="0" id="visible">
              <Value dnOrder="0">true</Value>
            </Boolean>
          </Attributes>
        </KeyValueSet>
        <Comment dnOrder="12" id="SPI_CLOCK_MODE_COMMENT">
          <Attributes dnOrder="0">
            <Boolean dnOrder="0" id="visible">
              <Value dnOrder="0">true</Value>
            </Boolean>
          </Attributes>
        </Comment>
        <KeyValueSet dnOrder="13" id="SPI_CLOCK_PHASE">
          <Attributes dnOrder="0">
            <Boolean dnOrder="0" id="visible">
              <Value dnOrder="0">true</Value>
            </Boolean>
          </Attributes>
        </KeyValueSet>
        <KeyValueSet dnOrder="14" id="SPI_CLOCK_POLARITY">
          <Attributes dnOrder="0">
            <Boolean dnOrder="0" id="visible">
              <Value dnOrder="0">true</Value>
            </Boolean>
          </Attributes>
        </KeyValueSet>
        <KeyValueSet dnOrder="15" id="SPI_DATA_ORDER">
          <Attributes dnOrder="0">
            <Boolean dnOrder="0" id="visible">
              <Value dnOrder="0">true</Value>
            </Boolean>
          </Attributes>
        </KeyValueSet>
        <KeyValueSet dnOrder="16" id="SPI_DIPO">
          <Attributes dnOrder="0">
            <Boolean dnOrder="0" id="visible">
              <Value dnOrder="0">true</Value>
            </Boolean>
          </Attributes>
        </KeyValueSet>
        <KeyValueSet dnOrder="17" id="SPI_DOPO">
          <Attributes dnOrder="0">
            <Boolean dnOrder="0" id="visible">
              <Value dnOrder="0">true</Value>
            </Boolean>
          </Attributes>
          <Values dnOrder="1">
            <User dnOrder="0" value="2"/>
          </Values>
        </KeyValueSet>
        <Boolean dnOrder="18" id="SPI_INTERRUPT_MODE">
          <Attributes dnOrder="0">
            <Boolean dnOrder="0" id="visible">
              <Value dnOrder="0">true</Value>
            </Boolean>
          </Attributes>
          <Values dnOrder="1">
            <User dnOrder="0" value="false"/>
          </Values>
        </Boolean>
        <Boolean dnOrder="19" id="SPI_RECIEVER_ENABLE">
          <Attributes dnOrder="0">
            <Boolean dnOrder="0" id="visible">
              <Value dnOrder="0">true</Value>
            </Boolean>
          </Attributes>
          <Values dnOrder="1">
            <User dnOrder="0" value="true"/>
          </Values>
        </Boolean>
        <Boolean dnOrder="20" id="SPI_RUNSTDBY">
          <Attributes dnOrder="0">
            <Boolean dnOrder="0" id="visible">
              <Value dnOrder="0">true</Value>
            </Boolean>
          </Attributes>
        </Boolean>
        <String dnOrder="21" id="TRANSMIT_DATA_REGISTER">
          <Values dnOrder="0">
            <Dynamic dnOrder="0" id="sercom0" value="&amp;(SERCOM0_REGS-&gt;SPIM.SERCOM_DATA)"/>
          </Values>
        </String>
        <Integer dnOrder="22" id="USART_BAUD_RATE">
          <Attributes dnOrder="0">
            <Boolean dnOrder="0" id="visible">
              <Value dnOrder="0">false</Value>
            </Boolean>
          </Attributes>
        </Integer>
        <Integer dnOrder="23" id="USART_BAUD_VALUE">
          <Values dnOrder="0">
            <Dynamic dnOrder="0" id="sercom0" value="63019"/>
          </Values>
        </Integer>
        <KeyValueSet dnOrder="24" id="USART_CHARSIZE_BITS">
          <Attributes dnOrder="0">
            <Boolean dnOrder="0" id="visible">
              <Value dnOrder="0">false</Value>
            </Boolean>
          </Attributes>
        </KeyValueSet>
        <Boolean dnOrder="25" id="USART_INTERRUPT_MODE">
          <Attributes dnOrder="0">
            <Boolean dnOrder="0" id="visible">
              <Value dnOrder="0">false</Value>
            </Boolean>
          </Attributes>
        </Boolean>
        <KeyValueSet dnOrder="26" id="USART_PARITY_MODE">
          <Attributes dnOrder="0">
            <Boolean dnOrder="0" id="visible">
              <Value dnOrder="0">false</Value>
            </Boolean>
          </Attributes>
        </KeyValueSet>
        <Boolean dnOrder="27" id="USART_RUNSTDBY">
          <Attributes dnOrder="0">
            <Boolean dnOrder="0" id="visible">
              <Value dnOrder="0">false</Value>
            </Boolean>
          </Attributes>
        </Boolean>
        <KeyValueSet dnOrder="28" id="USART_RXPO">
          <Attributes dnOrder="0">
            <Boolean dnOrder="0" id="visible">
              <Value dnOrder="0">false</Value>
            </Boolean>
          </Attributes>
        </KeyValueSet>
        <Boolean dnOrder="29" id="USART_RX_ENABLE">
          <Attributes dnOrder="0">
            <Boolean dnOrder="0" id="visible">
              <Value dnOrder="0">false</Value>
            </Boolean>
          </Attributes>
        </Boolean>
        <KeyValueSet dnOrder="30" id="USART_STOP_BIT">
          <Attributes dnOrder="0">
            <Boolean dnOrder="0" id="visible">
              <Value dnOrder="0">false</Value>
            </Boolean>
          </Attributes>
        </KeyValueSet>
        <KeyValueSet dnOrder="31" id="USART_TXPO">
          <Attributes dnOrder="0">
            <Boolean dnOrder="0" id="visible">
              <Value dnOrder="0">false</Value>
            </Boolean>
          </Attributes>
        </KeyValueSet>
        <Boolean dnOrder="32" id="USART_TX_ENABLE">
          <Attributes dnOrder="0">
            <Boolean dnOrder="0" id="visible">
              <Value dnOrder="0">false</Value>
            </Boolean>
          </Attributes>
        </Boolean>
      </Symbols>
    </UniqueComponent>
    <UniqueComponent dnOrder="6" id="sercom1">
      <Symbols dnOrder="0">
        <Integer dnOrder="0" id="I2CM_BAUD">
          <Values dnOrder="0">
            <Dynamic dnOrder="0" id="sercom1" value="59880"/>
          </Values>
        </Integer>
        <Integer dnOrder="1" id="SPI_BAUD_REG_VALUE">
          <Values dnOrder="0">
            <Dynamic dnOrder="0" id="sercom1" value="23"/>
          </Values>
        </Integer>
        <Integer dnOrder="2" id="USART_BAUD_RATE">
          <Values dnOrder="0">
            <User dnOrder="0" value="3000000"/>
          </Values>
        </Integer>
        <Integer dnOrder="3" id="USART_BAUD_VALUE">
          <Values dnOrder="0">
            <Dynamic dnOrder="0" id="sercom1" value="0"/>
          </Values>
        </Integer>
        <Boolean dnOrder="4" id="USART_INTERRUPT_MODE">
          <Values dnOrder="0">
            <User dnOrder="0" value="false"/>
          </Values>
        </Boolean>
        <Boolean dnOrder="5" id="USART_RX_ENABLE">
          <Values dnOrder="0">
            <User dnOrder="0" value="false"/>
          </Values>
        </Boolean>
        <KeyValueSet dnOrder="6" id="USART_TXPO">
          <Values dnOrder="0">
            <User dnOrder="0" value="1"/>
          </Values>
        </KeyValueSet>
      </Symbols>
    </UniqueComponent>
    <UniqueComponent dnOrder="7" id="tc0">
      <Symbols dnOrder="0">
        <String dnOrder="0" id="COMPARE_SET_API_NAME">
          <Values dnOrder="0">
            <Dynamic dnOrder="0" id="tc0" value="TC0_Timer8bitCompareSet"/>
          </Values>
        </String>
        <String dnOrder="1" id="COUNTER_GET_API_NAME">
          <Values dnOrder="0">
            <Dynamic dnOrder="0" id="tc0" value="TC0_Timer8bitCounterGet"/>
          </Values>
        </String>
        <String dnOrder="2" id="PERIOD_SET_API_NAME">
          <Values dnOrder="0">
            <Dynamic dnOrder="0" id="tc0" value="TC0_Timer8bitPeriodSet"/>
          </Values>
        </String>
        <Long dnOrder="3" id="TC_COMPARE_PERIOD">
          <Attributes dnOrder="0">
            <Long dnOrder="0" id="max">
              <Value dnOrder="0">255</Value>
            </Long>
          </Attributes>
        </Long>
        <Comment dnOrder="4" id="TC_COMPARE_PERIOD_COMMENT">
          <Attributes dnOrder="0">
            <String dnOrder="0" id="text">
              <Value dnOrder="0">****&amp;#160;Timer&amp;#160;Period&amp;#160;is&amp;#160;256.0&amp;#160;us&amp;#160;****</Value>
            </String>
          </Attributes>
        </Comment>
        <KeyValueSet dnOrder="5" id="TC_CTRLA_MODE">
          <Values dnOrder="0">
            <User dnOrder="0" value="1"/>
          </Values>
        </KeyValueSet>
        <KeyValueSet dnOrder="6" id="TC_CTRLA_PRESCALER">
          <Values dnOrder="0">
            <User dnOrder="0" value="6"/>
          </Values>
        </KeyValueSet>
        <Integer dnOrder="7" id="TC_FREQUENCY">
          <Values dnOrder="0">
            <Dynamic dnOrder="0" id="tc0" value="187500"/>
          </Values>
        </Integer>
        <Comment dnOrder="8" id="TC_Resolution">
          <Attributes dnOrder="0">
            <String dnOrder="0" id="text">
              <Value dnOrder="0">****Timer&amp;#160;resolution&amp;#160;is&amp;#160;5333.33333333&amp;#160;nS****</Value>
            </String>
          </Attributes>
        </Comment>
        <Boolean dnOrder="9" id="TC_TIMER_EVCTRL_OVFEO">
          <Values dnOrder="0">
            <User dnOrder="0" value="true"/>
          </Values>
        </Boolean>
        <Boolean dnOrder="10" id="TC_TIMER_INTENSET_OVF">
          <Values dnOrder="0">
            <User dnOrder="0" value="true"/>
          </Values>
        </Boolean>
        <Long dnOrder="11" id="TC_TIMER_PERIOD">
          <Values dnOrder="0">
            <Dynamic dnOrder="0" id="tc0" value="187"/>
          </Values>
        </Long>
        <Float dnOrder="12" id="TC_TIMER_TIME_MS">
          <Attributes dnOrder="0">
            <Float dnOrder="0" id="max">
              <Value dnOrder="0">1.36</Value>
            </Float>
          </Attributes>
        </Float>
        <String dnOrder="13" id="TIMER_PERIOD_MAX">
          <Values dnOrder="0">
            <Dynamic dnOrder="0" id="tc0" value="256"/>
          </Values>
        </String>
        <Integer dnOrder="14" id="TIMER_WIDTH">
          <Values dnOrder="0">
            <Dynamic dnOrder="0" id="tc0" value="8"/>
          </Values>
        </Integer>
      </Symbols>
    </UniqueComponent>
  </Components>
  <UserData>
    <ComponentGraph dnOrder="0" id="__ROOTVIEW">
      <ElementPositions dnOrder="0">
        <ElementPosition dnOrder="0" id="cmsis" x="430" y="60"/>
        <ElementPosition dnOrder="1" id="core" x="330" y="60"/>
        <ElementPosition dnOrder="2" id="dfp" x="340" y="20"/>
        <ElementPosition dnOrder="3" id="eic" x="214" y="98"/>
        <ElementPosition dnOrder="4" id="nvmctrl" x="20" y="20"/>
        <ElementPosition dnOrder="5" id="sercom0" x="32" y="96"/>
        <ElementPosition dnOrder="6" id="sercom1" x="31" y="247"/>
        <ElementPosition dnOrder="7" id="tc0" x="370" y="102"/>
      </ElementPositions>
    </ComponentGraph>
    <GraphSettings canvasHeight="400" canvasWidth="400" dnOrder="1"/>
  </UserData>
</Configuration>
